Dataset,MAE,RMSE,R² Score
Training,2.3334009220486993,2.9603530751629763,0.9593386241685007
Testing,3.978591725834784,4.839002907355192,0.9014718583493484
